Date,Time,Timestamp,Open,High,Low,Close,Volume
2025-02-17,09:15,1739763900,3.99,4,3.99,3.99,47881
2025-02-17,09:16,1739763960,4,4,4,4,50422
2025-02-17,09:17,1739764020,4,4,4,4,50522
2025-02-17,09:35,1739765100,4,4,4,4,50523
2025-02-17,09:41,1739765460,4,4,4,4,51673
2025-02-17,10:20,1739767800,4,4,4,4,51674
2025-02-17,10:30,1739768400,4,4,4,4,51774
2025-02-17,11:05,1739770500,4,4,4,4,51840
2025-02-17,11:29,1739771940,4,4,4,4,51850
2025-02-17,11:33,1739772180,4,4,4,4,52073
2025-02-17,12:17,1739774820,4,4,4,4,52273
2025-02-17,13:29,1739779140,4,4,4,4,52673
2025-02-17,14:06,1739781360,4,4,4,4,58802
2025-02-17,14:15,1739781900,4,4,4,4,58807
2025-02-17,15:18,1739785680,4,4,4,4,58817
2025-02-18,09:17,1739850420,4.2,4.2,4.2,4.2,5015
2025-02-18,09:18,1739850480,4.2,4.2,4.2,4.2,5615
2025-02-18,09:20,1739850600,4.2,4.2,4.2,4.2,5623
2025-02-18,09:21,1739850660,4.2,4.2,4.2,4.2,5654
2025-02-18,09:22,1739850720,4.2,4.2,4.2,4.2,5996
2025-02-18,09:24,1739850840,4.2,4.2,4.2,4.2,6116
2025-02-18,09:27,1739851020,4.2,4.2,4.2,4.2,6937
2025-02-18,09:28,1739851080,4.2,4.2,4.2,4.2,6940
2025-02-18,09:45,1739852100,4.2,4.2,4.2,4.2,7940
2025-02-18,09:46,1739852160,4.2,4.2,4.2,4.2,7941
2025-02-18,09:55,1739852700,4.2,4.2,4.2,4.2,8141
2025-02-18,10:03,1739853180,4.2,4.2,4.2,4.2,8179
2025-02-18,11:01,1739856660,4.2,4.2,4.2,4.2,8279
2025-02-18,11:18,1739857680,4.2,4.2,4.2,4.2,8290
2025-02-18,12:14,1739861040,4.2,4.2,4.2,4.2,8302
2025-02-18,13:04,1739864040,4.2,4.2,4.2,4.2,28302
2025-02-18,13:40,1739866200,4.2,4.2,4.2,4.2,28802
2025-02-18,14:44,1739870040,4.2,4.2,4.2,4.2,29202
2025-02-18,14:59,1739870940,4.2,4.2,4.2,4.2,29203
2025-02-18,15:04,1739871240,4.2,4.2,4.2,4.2,29303
2025-02-19,09:16,1739936760,4.41,4.41,4.41,4.41,10
2025-02-19,09:17,1739936820,4.41,4.41,4.41,4.41,132
2025-02-19,09:19,1739936940,4.41,4.41,4.41,4.41,1532
2025-02-19,09:22,1739937120,4.41,4.41,4.41,4.41,1802
2025-02-19,09:29,1739937540,4.41,4.41,4.41,4.41,1803
2025-02-19,09:42,1739938320,4.41,4.41,4.41,4.41,1811
2025-02-19,09:50,1739938800,4.41,4.41,4.41,4.41,1815
2025-02-19,10:33,1739941380,4.41,4.41,4.41,4.41,1975
2025-02-19,10:41,1739941860,4.41,4.41,4.41,4.41,1976
2025-02-19,13:14,1739951040,4.41,4.41,4.41,4.41,1977
2025-02-19,13:27,1739951820,4.41,4.41,4.41,4.41,1978
2025-02-19,14:34,1739955840,4.41,4.41,4.41,4.41,2378
2025-02-19,15:23,1739958780,4.41,4.41,4.41,4.41,4378
2025-02-20,09:16,1740023160,4.63,4.63,4.63,4.63,1
2025-02-20,09:23,1740023580,4.63,4.63,4.63,4.63,109
2025-02-20,09:43,1740024780,4.63,4.63,4.63,4.63,249
2025-02-20,10:11,1740026460,4.63,4.63,4.63,4.63,11958
2025-02-20,10:18,1740026880,4.63,4.63,4.63,4.63,27858
2025-02-20,10:20,1740027000,4.63,4.63,4.63,4.63,28358
2025-02-20,11:00,1740029400,4.63,4.63,4.63,4.63,28588
2025-02-20,11:41,1740031860,4.63,4.63,4.63,4.63,29588
2025-02-20,11:44,1740032040,4.63,4.63,4.63,4.63,29754
2025-02-20,12:37,1740035220,4.63,4.63,4.63,4.63,29779
2025-02-20,14:16,1740041160,4.63,4.63,4.63,4.63,29814
2025-02-20,15:05,1740044100,4.63,4.63,4.63,4.63,29816
2025-02-20,15:18,1740044880,4.63,4.63,4.63,4.63,30116
2025-02-20,15:19,1740044940,4.63,4.63,4.63,4.63,32616
2025-02-21,09:15,1740109500,4.86,4.86,4.86,4.86,25852
2025-02-21,09:17,1740109620,4.86,4.86,4.86,4.86,72852
2025-02-21,09:18,1740109680,4.86,4.86,4.86,4.86,73102
2025-02-21,09:19,1740109740,4.86,4.86,4.86,4.86,73142
2025-02-21,09:47,1740111420,4.86,4.86,4.86,4.86,75142
2025-02-21,10:02,1740112320,4.86,4.86,4.86,4.86,75192
2025-02-21,10:22,1740113520,4.86,4.86,4.86,4.86,75210
2025-02-21,10:35,1740114300,4.86,4.86,4.86,4.86,84210
2025-02-21,10:37,1740114420,4.86,4.86,4.86,4.86,96123
2025-02-21,10:54,1740115440,4.86,4.86,4.86,4.86,96623
2025-02-21,11:09,1740116340,4.86,4.86,4.86,4.86,97123
2025-02-21,12:11,1740120060,4.86,4.86,4.86,4.86,97136
2025-02-21,12:37,1740121620,4.86,4.86,4.86,4.86,97236
2025-02-21,13:01,1740123060,4.86,4.86,4.86,4.86,105236
2025-02-21,13:02,1740123120,4.86,4.86,4.86,4.86,105336
2025-02-21,13:07,1740123420,4.86,4.86,4.86,4.86,105337
2025-02-21,13:10,1740123600,4.86,4.86,4.86,4.86,110570
2025-02-21,13:11,1740123660,4.86,4.86,4.86,4.86,112370
2025-02-21,13:14,1740123840,4.86,4.86,4.86,4.86,118586
2025-02-21,13:16,1740123960,4.86,4.86,4.86,4.86,137979
2025-02-21,13:17,1740124020,4.86,4.86,4.86,4.86,140987
2025-02-21,13:23,1740124380,4.86,4.86,4.86,4.86,141087
2025-02-21,13:24,1740124440,4.86,4.86,4.86,4.86,303549
2025-02-21,13:25,1740124500,4.85,4.85,4.83,4.83,389494
2025-02-21,13:26,1740124560,4.84,4.84,4.75,4.75,402040
2025-02-21,13:28,1740124680,4.8,4.8,4.8,4.8,403180
2025-02-21,13:29,1740124740,4.75,4.8,4.75,4.8,404830
2025-02-21,13:30,1740124800,4.79,4.79,4.4,4.4,453531
2025-02-21,13:31,1740124860,4.41,4.78,4.39,4.78,497072
2025-02-21,13:32,1740124920,4.7,4.7,4.7,4.7,507072
2025-02-21,13:33,1740124980,4.78,4.78,4.6,4.6,523941
2025-02-21,13:34,1740125040,4.86,4.86,4.6,4.6,528022
2025-02-21,13:36,1740125160,4.42,4.6,4.42,4.6,533427
2025-02-21,13:37,1740125220,4.6,4.6,4.6,4.6,533620
2025-02-21,13:38,1740125280,4.6,4.6,4.6,4.6,534457
2025-02-21,13:39,1740125340,4.46,4.78,4.46,4.78,535189
2025-02-21,13:40,1740125400,4.86,4.86,4.86,4.86,535405
2025-02-21,13:42,1740125520,4.81,4.83,4.81,4.83,536775
2025-02-21,13:44,1740125640,4.86,4.86,4.86,4.86,543815
2025-02-21,13:45,1740125700,4.85,4.85,4.85,4.85,543835
2025-02-21,13:46,1740125760,4.85,4.85,4.85,4.85,544295
2025-02-21,13:47,1740125820,4.86,4.86,4.86,4.86,546490
2025-02-21,13:48,1740125880,4.48,4.86,4.48,4.86,549090
2025-02-21,13:49,1740125940,4.86,4.86,4.86,4.86,549670
2025-02-21,13:51,1740126060,4.86,4.86,4.86,4.86,551670
2025-02-21,13:52,1740126120,4.86,4.86,4.86,4.86,551690
2025-02-21,13:54,1740126240,4.86,4.86,4.86,4.86,555831
2025-02-21,13:55,1740126300,4.86,4.86,4.86,4.86,556628
2025-02-21,13:56,1740126360,4.86,4.86,4.86,4.86,557478
2025-02-21,13:57,1740126420,4.86,4.86,4.86,4.86,557979
2025-02-21,13:58,1740126480,4.86,4.86,4.86,4.86,568149
2025-02-21,13:59,1740126540,4.86,4.86,4.86,4.86,576013
2025-02-21,14:04,1740126840,4.86,4.86,4.86,4.86,576384
2025-02-21,14:12,1740127320,4.86,4.86,4.86,4.86,577384
2025-02-21,14:16,1740127560,4.85,4.86,4.85,4.86,588123
2025-02-21,14:17,1740127620,4.86,4.86,4.86,4.86,588127
2025-02-21,14:18,1740127680,4.86,4.86,4.86,4.86,590137
2025-02-21,14:19,1740127740,4.86,4.86,4.86,4.86,593383
2025-02-21,14:22,1740127920,4.86,4.86,4.86,4.86,597283
2025-02-21,14:28,1740128280,4.86,4.86,4.86,4.86,597783
2025-02-21,14:30,1740128400,4.86,4.86,4.86,4.86,601352
2025-02-21,14:34,1740128640,4.86,4.86,4.86,4.86,601552
2025-02-21,14:51,1740129660,4.86,4.86,4.86,4.86,619456
2025-02-21,14:52,1740129720,4.85,4.85,4.85,4.85,633552
2025-02-21,15:01,1740130260,4.86,4.86,4.85,4.85,644693
2025-02-21,15:02,1740130320,4.85,4.85,4.85,4.85,644733
2025-02-21,15:03,1740130380,4.85,4.85,4.85,4.85,645133
2025-02-21,15:04,1740130440,4.85,4.85,4.85,4.85,648377
2025-02-21,15:06,1740130560,4.85,4.85,4.85,4.85,648487
2025-02-21,15:07,1740130620,4.61,4.61,4.6,4.6,651987
2025-02-21,15:09,1740130740,4.85,4.85,4.85,4.85,651988
2025-02-21,15:10,1740130800,4.85,4.85,4.85,4.85,652088
2025-02-21,15:11,1740130860,4.85,4.85,4.85,4.85,653088
2025-02-21,15:13,1740130980,4.85,4.85,4.85,4.85,659088
2025-02-21,15:14,1740131040,4.85,4.85,4.85,4.85,659325
2025-02-21,15:16,1740131160,4.86,4.86,4.86,4.86,660325
2025-02-21,15:21,1740131460,4.86,4.86,4.86,4.86,660335
2025-02-21,15:26,1740131760,4.86,4.86,4.86,4.86,660348
2025-02-24,10:15,1740372300,4.72,4.72,4.72,4.72,
2025-02-24,10:30,1740373200,4.72,4.72,4.72,4.72,
2025-02-24,11:14,1740375840,4.72,4.72,4.72,4.72,105048
2025-02-24,11:30,1740376800,4.72,4.72,4.72,4.72,
2025-02-24,12:15,1740379500,4.72,4.72,4.72,4.72,120669
2025-02-24,12:30,1740380400,4.72,4.72,4.72,4.72,
2025-02-24,13:15,1740383100,4.72,4.72,4.72,4.72,141291
2025-02-24,13:30,1740384000,4.72,4.72,4.72,4.72,
2025-02-24,14:15,1740386700,4.72,4.72,4.72,4.72,150394
2025-02-24,14:30,1740387600,4.72,4.72,4.72,4.72,
2025-02-24,15:14,1740390240,4.72,4.72,4.72,4.72,157086
2025-02-25,10:15,1740458700,4.62,4.62,4.62,4.62,
2025-02-25,10:30,1740459600,4.62,4.62,4.62,4.62,
2025-02-25,11:14,1740462240,4.62,4.62,4.62,4.62,5453
2025-02-25,11:37,1740463620,4.62,4.62,4.62,4.62,
2025-02-25,12:15,1740465900,4.62,4.62,4.62,4.62,6041
2025-02-25,12:30,1740466800,4.62,4.62,4.62,4.62,
2025-02-25,13:14,1740469440,4.62,4.62,4.62,4.62,6204
2025-02-25,13:31,1740470460,4.62,4.62,4.62,4.62,
2025-02-25,14:14,1740473040,4.62,4.62,4.62,4.62,7881
2025-02-25,14:46,1740474960,4.62,4.62,4.62,4.62,
2025-02-25,15:14,1740476640,4.62,4.62,4.62,4.62,7994
2025-02-27,10:14,1740631440,4.52,4.52,4.52,4.52,
2025-02-27,10:31,1740632460,4.52,4.52,4.52,4.52,
2025-02-27,11:14,1740635040,4.52,4.52,4.52,4.52,15609
2025-02-27,11:32,1740636120,4.52,4.52,4.52,4.52,
2025-02-27,12:14,1740638640,4.52,4.52,4.52,4.52,15728
2025-02-27,12:30,1740639600,4.52,4.52,4.52,4.52,
2025-02-27,13:14,1740642240,4.52,4.52,4.52,4.52,22462
2025-02-27,13:30,1740643200,4.52,4.52,4.52,4.52,
2025-02-27,14:14,1740645840,4.52,4.52,4.52,4.52,24320
2025-02-27,14:30,1740646800,4.52,4.52,4.52,4.52,
2025-02-27,15:14,1740649440,4.52,4.52,4.52,4.52,24521
2025-02-28,10:14,1740717840,4.42,4.42,4.42,4.42,
2025-02-28,10:32,1740718920,4.42,4.42,4.42,4.42,
2025-02-28,11:14,1740721440,4.42,4.42,4.42,4.42,16621
2025-02-28,11:34,1740722640,4.42,4.42,4.42,4.42,
2025-02-28,12:14,1740725040,4.42,4.42,4.42,4.42,17444
2025-02-28,12:32,1740726120,4.42,4.42,4.42,4.42,
2025-02-28,13:14,1740728640,4.42,4.42,4.42,4.42,18269
2025-02-28,13:34,1740729840,4.42,4.42,4.42,4.42,
2025-02-28,14:15,1740732300,4.42,4.42,4.42,4.42,20799
2025-02-28,14:30,1740733200,4.42,4.42,4.42,4.42,
2025-02-28,15:15,1740735900,4.42,4.42,4.42,4.42,22178
2025-03-03,10:14,1740977040,4.33,4.33,4.33,4.33,
2025-03-03,10:30,1740978000,4.33,4.33,4.33,4.33,
2025-03-03,11:14,1740980640,4.33,4.33,4.33,4.33,2172
2025-03-03,12:14,1740984240,4.33,4.33,4.33,4.33,2563
2025-03-03,13:14,1740987840,4.33,4.33,4.33,4.33,3162
2025-03-03,13:31,1740988860,4.33,4.33,4.33,4.33,
2025-03-03,14:14,1740991440,4.33,4.33,4.33,4.33,4154
2025-03-03,15:15,1740995100,4.33,4.33,4.33,4.33,4564
2025-03-04,10:14,1741063440,4.24,4.24,4.24,4.24,
2025-03-04,11:12,1741066920,4.25,4.25,4.25,4.25,
2025-03-04,11:13,1741066980,4.24,4.24,4.24,4.24,
2025-03-04,11:14,1741067040,4.33,4.33,4.33,4.33,53573
2025-03-04,12:12,1741070520,4.41,4.41,4.41,4.41,
2025-03-04,12:13,1741070580,4.33,4.33,4.33,4.33,
2025-03-04,12:15,1741070700,4.41,4.41,4.41,4.41,55879
2025-03-04,13:14,1741074240,4.41,4.41,4.41,4.41,59149
2025-03-04,14:14,1741077840,4.41,4.41,4.41,4.41,59361
2025-03-04,15:14,1741081440,4.41,4.41,4.41,4.41,62475
2025-03-05,10:14,1741149840,4.49,4.49,4.49,4.49,
2025-03-05,11:14,1741153440,4.49,4.49,4.49,4.49,6327
2025-03-05,12:15,1741157100,4.49,4.49,4.49,4.49,21437
2025-03-05,13:14,1741160640,4.49,4.49,4.49,4.49,21617
2025-03-05,14:15,1741164300,4.49,4.49,4.49,4.49,24563
2025-03-05,15:14,1741167840,4.49,4.49,4.49,4.49,26133
2025-03-06,10:15,1741236300,4.57,4.57,4.57,4.57,
2025-03-06,11:15,1741239900,4.57,4.57,4.57,4.57,4226
2025-03-06,12:14,1741243440,4.57,4.57,4.57,4.57,5266
2025-03-06,13:14,1741247040,4.57,4.57,4.57,4.57,5395
2025-03-06,14:14,1741250640,4.57,4.57,4.57,4.57,6445
2025-03-06,15:14,1741254240,4.57,4.57,4.57,4.57,60694
2025-03-07,10:14,1741322640,4.57,4.57,4.57,4.57,
2025-03-07,11:14,1741326240,4.47,4.57,4.47,4.47,16842
2025-03-07,12:14,1741329840,4.57,4.57,4.47,4.57,17380
2025-03-07,13:14,1741333440,4.6,4.6,4.6,4.6,24480
2025-03-07,14:14,1741337040,4.6,4.6,4.6,4.6,28749
2025-03-07,15:14,1741340640,4.6,4.6,4.6,4.6,36576
2025-03-10,10:15,1741581900,4.6,4.6,4.6,4.6,
2025-03-10,10:32,1741582920,4.6,4.6,4.6,4.6,
2025-03-10,11:14,1741585440,4.5,4.5,4.5,4.5,8336
2025-03-10,11:31,1741586460,4.5,4.5,4.5,4.5,
2025-03-10,12:14,1741589040,4.5,4.5,4.5,4.5,8699
2025-03-10,12:30,1741590000,4.5,4.5,4.5,4.5,
2025-03-10,13:14,1741592640,4.5,4.5,4.5,4.5,9459
2025-03-10,13:30,1741593600,4.5,4.5,4.5,4.5,
2025-03-10,14:14,1741596240,4.5,4.5,4.5,4.5,9799
2025-03-10,14:30,1741597200,4.5,4.5,4.5,4.5,
2025-03-10,15:14,1741599840,4.5,4.5,4.5,4.5,11088
2025-03-11,10:14,1741668240,4.41,4.41,4.41,4.41,
2025-03-11,11:14,1741671840,4.41,4.41,4.41,4.41,5484
2025-03-11,12:14,1741675440,4.41,4.41,4.41,4.41,6362
2025-03-11,13:15,1741679100,4.41,4.41,4.41,4.41,11292
2025-03-11,14:14,1741682640,4.41,4.41,4.41,4.41,11553
2025-03-11,15:14,1741686240,4.41,4.41,4.41,4.41,11975
2025-03-12,10:15,1741754700,4.32,4.32,4.32,4.32,
2025-03-12,11:14,1741758240,4.32,4.32,4.32,4.32,3883
2025-03-12,13:15,1741765500,4.32,4.32,4.32,4.32,4210
2025-03-12,14:14,1741769040,4.32,4.32,4.32,4.32,5755
2025-03-12,15:14,1741772640,4.32,4.32,4.32,4.32,9812
2025-03-13,10:14,1741841040,4.23,4.23,4.23,4.23,
2025-03-13,11:15,1741844700,4.23,4.23,4.23,4.23,5617
2025-03-13,12:14,1741848240,4.23,4.23,4.23,4.23,6367
2025-03-13,13:14,1741851840,4.23,4.23,4.23,4.23,6628
2025-03-13,14:15,1741855500,4.23,4.23,4.23,4.23,7556
2025-03-13,15:14,1741859040,4.23,4.23,4.23,4.23,8360
2025-03-17,10:14,1742186640,4.14,4.14,4.14,4.14,
2025-03-17,11:15,1742190300,4.14,4.14,4.14,4.14,4750
2025-03-17,12:14,1742193840,4.14,4.14,4.14,4.14,5842
2025-03-17,12:32,1742194920,4.14,4.14,4.14,4.14,
2025-03-17,13:14,1742197440,4.14,4.14,4.14,4.14,7705
2025-03-17,14:14,1742201040,4.14,4.14,4.14,4.14,8946
2025-03-17,15:14,1742204640,4.14,4.14,4.14,4.14,9347
2025-03-18,10:14,1742273040,4.05,4.05,4.05,4.05,
2025-03-18,11:14,1742276640,4.05,4.05,4.05,4.05,4501
2025-03-18,12:14,1742280240,4.05,4.05,4.05,4.05,9100
2025-03-18,13:14,1742283840,4.05,4.05,4.05,4.05,14083
2025-03-18,14:14,1742287440,4.05,4.05,4.05,4.05,16038
2025-03-18,15:14,1742291040,4.05,4.05,4.05,4.05,17329
2025-03-19,10:14,1742359440,3.96,3.96,3.96,3.96,
2025-03-19,11:14,1742363040,3.96,3.96,3.96,3.96,17832
2025-03-19,12:14,1742366640,3.98,3.98,3.98,3.98,88871
2025-03-19,13:07,1742369820,4.13,4.13,3.98,3.98,
2025-03-19,13:15,1742370300,4.13,4.13,4.13,4.13,94316
2025-03-19,14:15,1742373900,4.13,4.13,4.13,4.13,96166
2025-03-19,15:14,1742377440,4.13,4.13,4.13,4.13,127225
2025-03-20,10:14,1742445840,4.21,4.21,4.21,4.21,
2025-03-20,11:15,1742449500,4.21,4.21,4.21,4.21,2893
2025-03-20,12:14,1742453040,4.21,4.21,4.21,4.21,2963
2025-03-20,13:15,1742456700,4.21,4.21,4.21,4.21,3046
2025-03-20,14:14,1742460240,4.21,4.21,4.21,4.21,4710
2025-03-20,15:15,1742463900,4.21,4.21,4.21,4.21,5510
2025-03-21,10:14,1742532240,4.29,4.29,4.29,4.29,
2025-03-21,11:14,1742535840,4.29,4.29,4.29,4.29,7129
2025-03-21,12:14,1742539440,4.29,4.29,4.29,4.29,8250
2025-03-21,13:14,1742543040,4.29,4.29,4.29,4.29,
2025-03-21,14:14,1742546640,4.29,4.29,4.29,4.29,8762
2025-03-21,15:14,1742550240,4.29,4.29,4.29,4.29,
2025-03-24,11:15,1742795100,4.37,4.37,4.37,4.37,
2025-03-24,12:14,1742798640,4.37,4.37,4.37,4.37,108
2025-03-24,13:13,1742802180,4.37,4.37,4.37,4.37,
2025-03-24,14:14,1742805840,4.37,4.37,4.37,4.37,
2025-03-24,15:14,1742809440,4.37,4.37,4.37,4.37,268
2025-03-25,10:14,1742877840,4.45,4.45,4.45,4.45,
2025-03-25,11:15,1742881500,4.45,4.45,4.45,4.45,271
2025-03-25,12:09,1742884740,4.43,4.43,4.43,4.43,
2025-03-25,12:11,1742884860,4.45,4.45,4.45,4.45,
2025-03-25,12:15,1742885100,4.45,4.45,4.45,4.45,21852
2025-03-25,13:09,1742888340,4.37,4.37,4.37,4.37,
2025-03-25,13:10,1742888400,4.45,4.45,4.45,4.45,
2025-03-25,13:14,1742888640,4.37,4.37,4.37,4.37,34783
2025-03-25,14:15,1742892300,4.28,4.28,4.28,4.28,41992
2025-03-25,15:15,1742895900,4.28,4.28,4.28,4.28,46811
2025-03-26,10:15,1742964300,4.19,4.19,4.19,4.19,
2025-03-26,11:14,1742967840,4.19,4.19,4.19,4.19,36875
2025-03-26,12:14,1742971440,4.19,4.19,4.19,4.19,39488
2025-03-26,13:14,1742975040,4.19,4.19,4.19,4.19,40425
2025-03-26,14:15,1742978700,4.19,4.19,4.19,4.19,42097
2025-03-26,15:14,1742982240,4.19,4.19,4.19,4.19,44215
2025-03-27,10:14,1743050640,4.21,4.21,4.21,4.21,
2025-03-27,11:09,1743053940,4.27,4.27,4.27,4.27,
2025-03-27,11:11,1743054060,4.21,4.21,4.21,4.21,
2025-03-27,11:14,1743054240,4.27,4.27,4.27,4.27,24555
2025-03-27,12:14,1743057840,4.27,4.27,4.27,4.27,25055
2025-03-27,13:14,1743061440,4.27,4.27,4.27,4.27,25159
2025-03-27,14:14,1743065040,4.27,4.27,4.27,4.27,25832
2025-03-27,15:11,1743068460,4.27,4.27,4.27,4.27,
2025-03-28,10:14,1743137040,4.35,4.35,4.35,4.35,
2025-03-28,11:14,1743140640,4.35,4.35,4.35,4.35,3729
2025-03-28,12:14,1743144240,4.35,4.35,4.35,4.35,3739
2025-03-28,13:14,1743147840,4.35,4.35,4.35,4.35,6310
2025-03-28,14:14,1743151440,4.35,4.35,4.35,4.35,8025
2025-03-28,15:15,1743155100,4.35,4.35,4.35,4.35,8027
2025-04-01,09:15,1743479100,4.21,4.56,4.21,4.56,9268
2025-04-01,09:19,1743479340,4.56,4.56,4.56,4.56,9690
2025-04-01,09:21,1743479460,4.56,4.56,4.56,4.56,10190
2025-04-01,09:23,1743479580,4.56,4.56,4.56,4.56,12840
2025-04-01,09:24,1743479640,4.56,4.56,4.56,4.56,12845
2025-04-01,09:52,1743481320,4.56,4.56,4.56,4.56,13845
2025-04-01,10:16,1743482760,4.56,4.56,4.56,4.56,13945
2025-04-01,10:25,1743483300,4.56,4.56,4.56,4.56,14045
2025-04-01,10:39,1743484140,4.56,4.56,4.56,4.56,14046
2025-04-01,10:52,1743484920,4.56,4.56,4.56,4.56,15066
2025-04-01,12:13,1743489780,4.56,4.56,4.56,4.56,15079
2025-04-01,13:32,1743494520,4.56,4.56,4.56,4.56,15119
2025-04-01,14:51,1743499260,4.56,4.56,4.56,4.56,15169
2025-04-02,09:43,1743567180,4.78,4.78,4.78,4.78,513
2025-04-02,09:45,1743567300,4.78,4.78,4.78,4.78,523
2025-04-02,09:48,1743567480,4.78,4.78,4.78,4.78,545
2025-04-02,09:51,1743567660,4.78,4.78,4.78,4.78,546
2025-04-02,09:52,1743567720,4.78,4.78,4.78,4.78,1546
2025-04-02,09:54,1743567840,4.78,4.78,4.78,4.78,1586
2025-04-02,10:17,1743569220,4.78,4.78,4.78,4.78,2059
2025-04-02,10:31,1743570060,4.78,4.78,4.78,4.78,46775
2025-04-02,11:01,1743571860,4.78,4.78,4.78,4.78,46825
2025-04-02,11:28,1743573480,4.78,4.78,4.78,4.78,47043
2025-04-02,11:44,1743574440,4.78,4.78,4.78,4.78,47083
2025-04-02,13:08,1743579480,4.78,4.78,4.78,4.78,48083
2025-04-02,15:09,1743586740,4.78,4.78,4.78,4.78,48099
2025-04-03,09:43,1743653580,5.01,5.01,5.01,5.01,1
2025-04-03,09:56,1743654360,5.01,5.01,5.01,5.01,4001
2025-04-03,10:25,1743656100,5.01,5.01,5.01,5.01,4041
2025-04-03,10:47,1743657420,5.01,5.01,5.01,5.01,4043
2025-04-03,11:18,1743659280,5.01,5.01,5.01,5.01,4643
2025-04-03,12:57,1743665220,5.01,5.01,5.01,5.01,4773
2025-04-03,14:26,1743670560,5.01,5.01,5.01,5.01,5773
2025-04-03,15:05,1743672900,5.01,5.01,5.01,5.01,5778
2025-04-04,09:42,1743739920,5.26,5.26,5.26,5.26,1
2025-04-04,09:48,1743740280,5.26,5.26,5.26,5.26,801
2025-04-04,09:51,1743740460,5.26,5.26,5.26,5.26,1301
2025-04-04,10:17,1743742020,5.26,5.26,5.26,5.26,2301
2025-04-04,11:15,1743745500,5.26,5.26,5.26,5.26,2302
2025-04-04,13:11,1743752460,5.26,5.26,5.26,5.26,2352
2025-04-04,14:02,1743755520,5.26,5.26,5.26,5.26,2359
2025-04-04,14:11,1743756060,5.26,5.26,5.26,5.26,10359
2025-04-04,14:17,1743756420,5.26,5.26,5.26,5.26,10365
2025-04-04,14:23,1743756780,5.26,5.26,5.26,5.26,10464
2025-04-04,14:53,1743758580,5.26,5.26,5.26,5.26,10664
2025-04-04,15:06,1743759360,5.26,5.26,5.26,5.26,10666
2025-04-04,15:24,1743760440,5.26,5.26,5.26,5.26,14466
2025-04-07,09:15,1743997500,5.27,5.52,5.27,5.52,20250
2025-04-07,09:16,1743997560,5.51,5.51,5.51,5.51,20263
2025-04-07,09:17,1743997620,4.99,4.99,4.99,4.99,22526
2025-04-07,09:18,1743997680,4.99,4.99,4.99,4.99,29265
2025-04-07,09:19,1743997740,5.27,5.27,5.27,5.27,30265
2025-04-07,09:21,1743997860,5.43,5.43,5.27,5.27,32303
2025-04-07,09:22,1743997920,5.25,5.25,5.25,5.25,41443
2025-04-07,09:24,1743998040,5.25,5.25,5.25,5.25,43443
2025-04-07,09:26,1743998160,5.25,5.25,5.25,5.25,44043
2025-04-07,09:27,1743998220,5.25,5.25,5.25,5.25,46203
2025-04-07,09:28,1743998280,5.26,5.26,5.26,5.26,46207
2025-04-07,09:29,1743998340,5.27,5.27,5.25,5.26,67167
2025-04-07,09:30,1743998400,5.26,5.26,5.26,5.26,69035
2025-04-07,09:31,1743998460,5.26,5.26,5.26,5.26,69085
2025-04-07,09:32,1743998520,5.25,5.25,5.25,5.25,69104
2025-04-07,09:33,1743998580,5.25,5.25,5.25,5.25,69124
2025-04-07,09:34,1743998640,5.25,5.25,5.25,5.25,69129
2025-04-07,09:36,1743998760,5.25,5.25,5.25,5.25,69224
2025-04-07,09:37,1743998820,5.24,5.24,5.24,5.24,69424
2025-04-07,09:38,1743998880,5.24,5.24,5.24,5.24,69454
2025-04-07,09:39,1743998940,5.12,5.12,5.12,5.12,71554
2025-04-07,09:40,1743999000,5.11,5.11,5.11,5.11,72054
2025-04-07,09:41,1743999060,5.11,5.11,5.11,5.11,72194
2025-04-07,09:42,1743999120,5.01,5.01,5.01,5.01,74792
2025-04-07,09:43,1743999180,5.11,5.11,5.02,5.02,75652
2025-04-07,09:44,1743999240,5.02,5.02,5.02,5.02,76692
2025-04-07,09:45,1743999300,5.04,5.04,5.04,5.04,77245
2025-04-07,09:46,1743999360,5.19,5.19,5.19,5.19,77252
2025-04-07,09:47,1743999420,5.19,5.19,5.19,5.19,77254
2025-04-07,09:48,1743999480,5.1,5.19,5.1,5.19,77704
2025-04-07,09:50,1743999600,5.1,5.1,5.1,5.1,78204
2025-04-07,09:51,1743999660,5.04,5.04,5.04,5.04,78404
2025-04-07,09:53,1743999780,5.17,5.17,5.17,5.17,78424
2025-04-07,09:55,1743999900,5.04,5.04,5.04,5.04,78452
2025-04-07,09:56,1743999960,5.17,5.17,5.17,5.17,79452
2025-04-07,09:58,1744000080,5.17,5.17,5.17,5.17,79517
2025-04-07,10:00,1744000200,5.17,5.17,5.17,5.17,84017
2025-04-07,10:01,1744000260,5.17,5.17,5.17,5.17,84036
2025-04-07,10:02,1744000320,5.2,5.2,5.2,5.2,94286
2025-04-07,10:03,1744000380,5.16,5.16,5.16,5.16,94786
2025-04-07,10:04,1744000440,5.16,5.16,5.16,5.16,94886
2025-04-07,10:05,1744000500,5.07,5.07,5.07,5.07,100264
2025-04-07,10:06,1744000560,5.07,5.07,5.07,5.07,104886
2025-04-07,10:07,1744000620,5.04,5.04,5.04,5.04,105043
2025-04-07,10:08,1744000680,5.04,5.04,5.04,5.04,105110
2025-04-07,10:09,1744000740,5.07,5.07,5.07,5.07,107214
2025-04-07,10:10,1744000800,5.14,5.14,5.14,5.14,107234
2025-04-07,10:17,1744001220,5.14,5.14,5.14,5.14,107384
2025-04-07,10:18,1744001280,5.14,5.14,5.14,5.14,107443
2025-04-07,10:25,1744001700,5.14,5.14,5.14,5.14,107524
2025-04-07,10:26,1744001760,5.1,5.1,5.07,5.07,109371
2025-04-07,10:27,1744001820,5.04,5.04,5,5,133014
2025-04-07,10:28,1744001880,4.99,4.99,4.99,4.99,134023
2025-04-07,10:30,1744002000,5.06,5.06,5.06,5.06,144023
2025-04-07,10:31,1744002060,5.06,5.06,5.06,5.06,144103
2025-04-07,10:32,1744002120,4.99,4.99,4.99,4.99,146103
2025-04-07,10:35,1744002300,5.06,5.06,5.06,5.06,146203
2025-04-07,10:39,1744002540,5.07,5.07,5.07,5.07,156703
2025-04-07,10:41,1744002660,4.99,4.99,4.99,4.99,164129
2025-04-07,10:43,1744002780,4.99,4.99,4.99,4.99,168919
2025-04-07,10:44,1744002840,4.99,4.99,4.99,4.99,169069
2025-04-07,10:47,1744003020,4.99,4.99,4.99,4.99,170094
2025-04-07,10:49,1744003140,4.99,4.99,4.99,4.99,172694
2025-04-07,10:50,1744003200,4.99,4.99,4.99,4.99,173094
2025-04-07,10:52,1744003320,4.99,4.99,4.99,4.99,173104
2025-04-07,10:54,1744003440,4.99,4.99,4.99,4.99,173140
2025-04-07,10:57,1744003620,4.99,4.99,4.99,4.99,173345
2025-04-07,11:02,1744003920,4.99,4.99,4.99,4.99,173445
2025-04-07,11:03,1744003980,4.99,4.99,4.99,4.99,173945
2025-04-07,11:04,1744004040,4.99,4.99,4.99,4.99,174455
2025-04-07,11:05,1744004100,4.99,4.99,4.99,4.99,177405
2025-04-07,11:06,1744004160,4.99,4.99,4.99,4.99,177855
2025-04-07,11:08,1744004280,4.99,4.99,4.99,4.99,177923
2025-04-07,11:09,1744004340,4.99,4.99,4.99,4.99,178024
2025-04-07,11:12,1744004520,4.99,4.99,4.99,4.99,178124
2025-04-07,11:13,1744004580,4.99,4.99,4.99,4.99,178224
2025-04-07,11:15,1744004700,4.99,4.99,4.99,4.99,178226
2025-04-07,11:20,1744005000,4.99,4.99,4.99,4.99,178326
2025-04-07,11:23,1744005180,4.99,4.99,4.99,4.99,178626
2025-04-07,11:26,1744005360,4.99,4.99,4.99,4.99,184026
2025-04-07,11:33,1744005780,4.99,4.99,4.99,4.99,184046
2025-04-07,11:35,1744005900,4.99,4.99,4.99,4.99,185046
2025-04-07,11:36,1744005960,4.99,4.99,4.99,4.99,185078
2025-04-07,11:37,1744006020,4.99,4.99,4.99,4.99,185578
2025-04-07,11:39,1744006140,4.99,4.99,4.99,4.99,190578
2025-04-07,11:42,1744006320,4.99,4.99,4.99,4.99,190768
2025-04-07,11:43,1744006380,4.99,4.99,4.99,4.99,190805
2025-04-07,11:45,1744006500,4.99,4.99,4.99,4.99,191502
2025-04-07,11:48,1744006680,4.99,4.99,4.99,4.99,192202
2025-04-07,12:01,1744007460,5.13,5.14,5.13,5.14,193217
2025-04-07,12:02,1744007520,5.13,5.13,5.13,5.13,197217
2025-04-07,12:10,1744008000,5.13,5.13,5.13,5.13,197232
2025-04-07,12:11,1744008060,4.99,4.99,4.99,4.99,197240
2025-04-07,12:23,1744008780,5,5,5,5,197740
2025-04-07,12:24,1744008840,5.14,5.14,5.14,5.14,198325
2025-04-07,12:33,1744009380,5.13,5.13,5.13,5.13,199225
2025-04-07,12:37,1744009620,5.13,5.13,5.13,5.13,199325
2025-04-07,12:38,1744009680,5.14,5.14,5.14,5.14,199333
2025-04-07,12:39,1744009740,4.99,4.99,4.99,4.99,202333
2025-04-07,12:46,1744010160,4.99,4.99,4.99,4.99,202433
2025-04-07,12:48,1744010280,4.99,4.99,4.99,4.99,203033
2025-04-07,12:53,1744010580,5.01,5.01,5.01,5.01,203133
2025-04-07,13:05,1744011300,5.01,5.01,5.01,5.01,203333
2025-04-07,13:08,1744011480,5.01,5.01,5.01,5.01,203363
2025-04-07,13:12,1744011720,5.01,5.01,5.01,5.01,203364
2025-04-07,13:13,1744011780,5.01,5.01,5.01,5.01,203365
2025-04-07,13:16,1744011960,5.01,5.01,5.01,5.01,203384
2025-04-07,13:19,1744012140,5.01,5.01,5.01,5.01,204384
2025-04-07,13:34,1744013040,5.1,5.1,5.1,5.1,204386
2025-04-07,13:35,1744013100,5.13,5.13,5.13,5.13,204404
2025-04-07,13:41,1744013460,5.13,5.13,5.13,5.13,204515
2025-04-07,13:52,1744014120,5.19,5.19,5.19,5.19,208049
2025-04-07,13:53,1744014180,5.19,5.19,5.19,5.19,208058
2025-04-07,13:54,1744014240,5.19,5.19,5.19,5.19,208308
2025-04-07,13:55,1744014300,5.19,5.19,5.19,5.19,208508
2025-04-07,13:58,1744014480,5.19,5.19,5.19,5.19,209008
2025-04-07,14:02,1744014720,5.01,5.01,5.01,5.01,209352
2025-04-07,14:12,1744015320,5.02,5.02,5.02,5.02,209360
2025-04-07,14:13,1744015380,5.19,5.19,5.19,5.19,210225
2025-04-07,14:15,1744015500,5.02,5.02,5.02,5.02,210243
2025-04-07,14:18,1744015680,5.19,5.19,5.19,5.19,210323
2025-04-07,14:19,1744015740,5.19,5.19,5.19,5.19,210332
2025-04-07,14:28,1744016280,5.19,5.19,5.19,5.19,210532
2025-04-07,14:29,1744016340,5.19,5.19,5.19,5.19,210537
2025-04-07,14:31,1744016460,5.19,5.19,5.19,5.19,210538
2025-04-07,14:34,1744016640,5.19,5.19,5.19,5.19,210563
2025-04-07,14:38,1744016880,5.19,5.19,5.19,5.19,211113
2025-04-07,14:42,1744017120,5.19,5.19,5.19,5.19,211513
2025-04-07,14:43,1744017180,5.19,5.19,5.19,5.19,211663
2025-04-07,14:44,1744017240,5.19,5.19,5.19,5.19,211787
2025-04-07,14:45,1744017300,5.19,5.19,5.19,5.19,212883
2025-04-07,14:53,1744017780,5.19,5.19,5.19,5.19,213383
2025-04-07,14:55,1744017900,5.19,5.19,5.19,5.19,213883
2025-04-07,15:09,1744018740,5.19,5.19,5.19,5.19,213908
2025-04-07,15:13,1744018980,5.19,5.19,5.19,5.19,214758
2025-04-07,15:14,1744019040,5.19,5.19,5.19,5.19,214938
2025-04-07,15:17,1744019220,5.06,5.06,5.06,5.06,214939
2025-04-07,15:18,1744019280,5.19,5.19,5.19,5.19,215014
2025-04-07,15:21,1744019460,5.19,5.19,5.19,5.19,217559
2025-04-07,15:22,1744019520,5.19,5.19,5.19,5.19,220014
2025-04-07,15:24,1744019640,5.03,5.19,5.03,5.19,220199
2025-04-07,15:27,1744019820,5.19,5.19,5.19,5.19,223649
2025-04-07,15:29,1744019940,5.19,5.19,5.19,5.19,226272
2025-04-08,09:15,1744083900,5.42,5.42,5.42,5.42,1515
2025-04-08,09:16,1744083960,5.43,5.43,5.43,5.43,11615
2025-04-08,09:17,1744084020,5.42,5.42,5.42,5.42,19900
2025-04-08,09:18,1744084080,5.42,5.42,5.42,5.42,21415
2025-04-08,09:21,1744084260,5.43,5.43,5.42,5.42,34375
2025-04-08,09:22,1744084320,5.41,5.41,5.41,5.41,34475
2025-04-08,09:25,1744084500,5.43,5.43,5.43,5.43,38218
2025-04-08,09:26,1744084560,5.43,5.43,5.43,5.43,39718
2025-04-08,09:27,1744084620,5.43,5.43,5.43,5.43,41521
2025-04-08,09:29,1744084740,5.43,5.43,5.43,5.43,41718
2025-04-08,09:31,1744084860,5.43,5.43,5.43,5.43,41768
2025-04-08,09:37,1744085220,5.43,5.43,5.43,5.43,43683
2025-04-08,09:38,1744085280,5.43,5.43,5.43,5.43,43733
2025-04-08,09:39,1744085340,5.35,5.35,5.35,5.35,45231
2025-04-08,09:47,1744085820,5.35,5.35,5.35,5.35,45251
2025-04-08,09:48,1744085880,5.35,5.35,5.35,5.35,45272
2025-04-08,10:00,1744086600,5.37,5.37,5.37,5.37,45275
2025-04-08,10:05,1744086900,5.43,5.43,5.43,5.43,45991
2025-04-08,10:17,1744087620,5.43,5.43,5.43,5.43,47267
2025-04-08,11:01,1744090260,5.43,5.43,5.43,5.43,47522
2025-04-08,11:15,1744091100,5.43,5.43,5.43,5.43,47582
2025-04-08,11:39,1744092540,5.43,5.43,5.43,5.43,48082
2025-04-08,11:53,1744093380,5.43,5.43,5.43,5.43,48376
2025-04-08,11:54,1744093440,5.43,5.43,5.43,5.43,49376
2025-04-08,12:43,1744096380,5.43,5.43,5.43,5.43,49575
2025-04-08,13:47,1744100220,5.43,5.43,5.43,5.43,49625
2025-04-08,14:33,1744102980,5.43,5.43,5.43,5.43,49825
2025-04-08,14:54,1744104240,5.43,5.43,5.43,5.43,49905
2025-04-08,14:55,1744104300,5.43,5.43,5.43,5.43,49924
2025-04-08,15:01,1744104660,5.43,5.43,5.43,5.43,49925
2025-04-08,15:17,1744105620,5.43,5.43,5.43,5.43,50225
2025-04-09,09:22,1744170720,5.7,5.7,5.7,5.7,6298
2025-04-09,09:28,1744171080,5.7,5.7,5.7,5.7,6299
2025-04-09,09:42,1744171920,5.7,5.7,5.7,5.7,6799
2025-04-09,10:00,1744173000,5.7,5.7,5.7,5.7,6809
2025-04-09,10:09,1744173540,5.7,5.7,5.7,5.7,6909
2025-04-09,10:38,1744175280,5.7,5.7,5.7,5.7,7409
2025-04-09,11:14,1744177440,5.7,5.7,5.7,5.7,7676
2025-04-09,11:38,1744178880,5.7,5.7,5.7,5.7,7874
2025-04-09,12:24,1744181640,5.7,5.7,5.7,5.7,7989
2025-04-09,12:33,1744182180,5.7,5.7,5.7,5.7,8163
2025-04-09,12:38,1744182480,5.7,5.7,5.7,5.7,8164
2025-04-09,12:43,1744182780,5.7,5.7,5.7,5.7,8679
2025-04-09,12:45,1744182900,5.7,5.7,5.7,5.7,8683
2025-04-09,13:01,1744183860,5.7,5.7,5.7,5.7,8684
2025-04-09,13:41,1744186260,5.7,5.7,5.7,5.7,28684
2025-04-09,13:44,1744186440,5.7,5.7,5.7,5.7,38684
2025-04-09,13:46,1744186560,5.7,5.7,5.7,5.7,48816
2025-04-09,13:50,1744186800,5.7,5.7,5.7,5.7,48824
2025-04-09,13:51,1744186860,5.4,5.4,5.4,5.4,50666
2025-04-09,13:57,1744187220,5.7,5.7,5.7,5.7,50966
2025-04-09,13:58,1744187280,5.7,5.7,5.7,5.7,51426
2025-04-09,14:03,1744187580,5.7,5.7,5.7,5.7,51927
2025-04-09,14:04,1744187640,5.7,5.7,5.7,5.7,52017
2025-04-09,14:06,1744187760,5.41,5.41,5.41,5.41,53118
2025-04-09,14:10,1744188000,5.7,5.7,5.7,5.7,53218
2025-04-09,14:12,1744188120,5.7,5.7,5.7,5.7,53719
2025-04-09,14:47,1744190220,5.7,5.7,5.7,5.7,53749
2025-04-11,10:15,1744346700,5.81,5.81,5.81,5.81,
2025-04-11,11:14,1744350240,5.81,5.81,5.81,5.81,2126
2025-04-11,12:12,1744353720,0,5.81,0,5.81,
2025-04-11,12:14,1744353840,5.81,5.81,5.81,5.81,2375
2025-04-11,13:14,1744357440,5.81,5.81,5.81,5.81,
2025-04-11,14:12,1744360920,0,5.81,0,5.81,
2025-04-11,14:14,1744361040,5.81,5.81,5.81,5.81,4375
2025-04-11,15:14,1744364640,5.81,5.81,5.81,5.81,4620
2025-04-15,10:14,1744692240,5.92,5.92,5.92,5.92,
2025-04-15,11:14,1744695840,5.92,5.92,5.92,5.92,599
2025-04-15,12:12,1744699320,5.92,5.92,5.92,5.92,
2025-04-15,12:14,1744699440,5.92,5.92,5.92,5.92,899
2025-04-15,13:14,1744703040,5.92,5.92,5.92,5.92,
2025-04-15,14:13,1744706580,5.92,5.92,5.92,5.92,
2025-04-15,15:14,1744710240,5.92,5.92,5.92,5.92,900
2025-04-16,11:14,1744782240,6.03,6.03,6.03,6.03,
2025-04-16,12:15,1744785900,6.03,6.03,6.03,6.03,1231
2025-04-16,13:14,1744789440,6.03,6.03,6.03,6.03,2230
2025-04-16,14:14,1744793040,6.03,6.03,6.03,6.03,2730
2025-04-16,15:15,1744796700,0,6.03,0,6.03,
2025-04-17,10:14,1744865040,6.15,6.15,6.15,6.15,
2025-04-17,12:14,1744872240,6.15,6.15,6.15,6.15,
2025-04-17,13:15,1744875900,6.15,6.15,6.15,6.15,1071
2025-04-17,14:14,1744879440,6.15,6.15,6.15,6.15,1834
2025-04-17,15:14,1744883040,6.15,6.15,6.15,6.15,
2025-04-21,11:14,1745214240,6.27,6.27,6.27,6.27,
2025-04-21,12:15,1745217900,6.27,6.27,6.27,6.27,3279
2025-04-21,13:15,1745221500,6.27,6.27,6.27,6.27,
2025-04-21,14:14,1745225040,6.27,6.27,6.27,6.27,3291
2025-04-21,15:15,1745228700,6.27,6.27,6.27,6.27,
2025-04-22,10:14,1745297040,6.39,6.39,6.39,6.39,
2025-04-22,11:14,1745300640,6.39,6.39,6.39,6.39,1006
2025-04-22,12:14,1745304240,6.39,6.39,6.39,6.39,1337
2025-04-22,13:14,1745307840,6.36,6.39,6.36,6.36,1347
2025-04-22,14:14,1745311440,6.39,6.39,6.36,6.39,3347
2025-04-22,15:14,1745315040,6.39,6.39,6.39,6.39,4147
2025-04-23,10:14,1745383440,6.51,6.51,6.51,6.51,
2025-04-23,11:14,1745387040,6.51,6.51,6.51,6.51,8403
2025-04-23,12:15,1745390700,6.51,6.51,6.51,6.51,8451
2025-04-23,13:14,1745394240,0,6.51,0,6.51,
2025-04-23,14:15,1745397900,6.51,6.51,6.51,6.51,
2025-04-23,15:14,1745401440,6.51,6.51,6.51,6.51,8457
2025-04-24,10:14,1745469840,6.64,6.64,6.64,6.64,
2025-04-24,11:15,1745473500,6.64,6.64,6.64,6.64,138
2025-04-24,12:14,1745477040,6.64,6.64,6.64,6.64,2138
2025-04-24,13:14,1745480640,6.64,6.64,6.64,6.64,2202
2025-04-24,14:13,1745484180,6.64,6.64,6.64,6.64,
2025-04-24,15:14,1745487840,6.64,6.64,6.64,6.64,7202
2025-04-25,10:15,1745556300,6.77,6.77,6.77,6.77,
2025-04-25,11:14,1745559840,6.77,6.77,6.77,6.77,5638
2025-04-25,12:14,1745563440,6.77,6.77,6.77,6.77,6138
2025-04-25,14:13,1745570580,6.77,6.77,6.77,6.77,
2025-04-25,15:14,1745574240,6.77,6.77,6.77,6.77,8331
2025-04-28,10:14,1745815440,6.9,6.9,6.9,6.9,29
2025-04-28,11:14,1745819040,6.9,6.9,6.9,6.9,1219
2025-04-28,12:12,1745822520,6.9,6.9,6.9,6.9,
2025-04-28,13:15,1745826300,6.9,6.9,6.9,6.9,1420
2025-04-28,14:14,1745829840,6.9,6.9,6.9,6.9,2450
2025-04-28,15:14,1745833440,6.9,6.9,6.9,6.9,2668
2025-04-29,10:14,1745901840,7.03,7.03,7.03,7.03,
2025-04-29,11:14,1745905440,7.03,7.03,7.03,7.03,2068
2025-04-29,12:14,1745909040,7.03,7.03,7.03,7.03,2718
2025-04-29,13:12,1745912520,7.03,7.03,7.03,7.03,
2025-04-29,14:12,1745916120,7.03,7.03,7.03,7.03,
2025-04-29,15:13,1745919780,7.03,7.03,7.03,7.03,
2025-04-30,10:14,1745988240,7.17,7.17,7.17,7.17,
2025-04-30,11:15,1745991900,7.17,7.17,7.17,7.17,5082
2025-04-30,12:15,1745995500,7.17,7.17,7.17,7.17,7789
2025-04-30,13:13,1745998980,7.17,7.17,7.17,7.17,
2025-04-30,14:14,1746002640,7.17,7.17,7.17,7.17,8073
2025-04-30,15:14,1746006240,7.17,7.17,7.17,7.17,8074
2025-05-02,10:14,1746161040,7.31,7.31,7.31,7.31,
2025-05-02,11:11,1746164460,7.31,7.31,7.31,7.31,
2025-05-02,12:14,1746168240,7.31,7.31,7.31,7.31,1400
2025-05-02,13:15,1746171900,7.31,7.31,7.31,7.31,5400
2025-05-02,14:14,1746175440,7.31,7.31,7.31,7.31,5750
2025-05-02,15:15,1746179100,7.31,7.31,7.31,7.31,5784
2025-05-05,10:14,1746420240,7.45,7.45,7.45,7.45,
2025-05-05,11:14,1746423840,7.45,7.45,7.45,7.45,42
2025-05-05,12:14,1746427440,7.45,7.45,7.45,7.45,45
2025-05-05,13:14,1746431040,7.45,7.45,7.45,7.45,
2025-05-05,14:15,1746434700,7.45,7.45,7.45,7.45,245
2025-05-05,15:15,1746438300,7.45,7.45,7.45,7.45,345
2025-05-06,10:14,1746506640,7.59,7.59,7.59,7.59,
2025-05-06,11:15,1746510300,7.59,7.59,7.59,7.59,956
2025-05-06,12:14,1746513840,7.59,7.59,7.59,7.59,1217
2025-05-06,13:15,1746517500,7.59,7.59,7.59,7.59,1517
2025-05-06,14:12,1746520920,7.59,7.59,7.59,7.59,
2025-05-06,14:14,1746521040,7.59,7.59,7.59,7.59,1607
2025-05-06,15:14,1746524640,7.59,7.59,7.59,7.59,1608
2025-05-07,10:14,1746593040,7.74,7.74,7.74,7.74,
2025-05-07,11:14,1746596640,7.74,7.74,7.74,7.74,6143
2025-05-07,12:14,1746600240,7.74,7.74,7.74,7.74,6243
2025-05-07,13:14,1746603840,7.74,7.74,7.74,7.74,8244
2025-05-07,14:12,1746607320,7.74,7.74,7.74,7.74,
2025-05-07,15:15,1746611100,7.74,7.74,7.74,7.74,8356
2025-05-08,10:14,1746679440,7.89,7.89,7.89,7.89,
2025-05-08,11:14,1746683040,7.89,7.89,7.89,7.89,7857
2025-05-08,12:11,1746686460,7.89,7.89,7.89,7.89,
2025-05-08,13:09,1746689940,7.89,7.89,7.89,7.89,
2025-05-08,14:14,1746693840,7.89,7.89,7.89,7.89,7969
2025-05-08,15:14,1746697440,7.89,7.89,7.89,7.89,8010
2025-05-09,10:14,1746765840,8.04,8.04,8.04,8.04,72989
2025-05-09,10:15,1746765900,8.04,8.04,8.04,8.04,72989
2025-05-09,10:30,1746766800,8.04,8.04,8.04,8.04,72989
2025-05-09,10:31,1746766860,8.04,8.04,8.02,8.02,72989
2025-05-09,10:32,1746766920,8.04,8.04,8.04,8.04,72989
2025-05-09,10:33,1746766980,8.04,8.04,8.04,8.04,72989
2025-05-09,10:35,1746767100,8.04,8.04,8.04,8.04,72989
2025-05-09,10:36,1746767160,8.04,8.04,8.04,8.04,72989
2025-05-09,10:38,1746767280,8.04,8.04,8.04,8.04,72989
2025-05-09,10:39,1746767340,8.04,8.04,8.04,8.04,72989
2025-05-09,10:40,1746767400,8.04,8.04,8.04,8.04,72989
2025-05-09,10:41,1746767460,8.04,8.04,8.04,8.04,72989
2025-05-09,10:42,1746767520,8.04,8.04,8.04,8.04,72989
2025-05-09,10:43,1746767580,8.04,8.04,8.04,8.04,72989
2025-05-09,10:44,1746767640,8.04,8.04,8.04,8.04,72989
2025-05-09,10:45,1746767700,8.04,8.04,8.04,8.04,72989
2025-05-09,10:46,1746767760,8.04,8.04,8.04,8.04,72989
2025-05-09,10:47,1746767820,8.04,8.04,8.04,8.04,72989
2025-05-09,10:48,1746767880,8.04,8.04,8.04,8.04,72989
2025-05-09,10:50,1746768000,8.04,8.04,8.04,8.04,72989
2025-05-09,10:51,1746768060,8.04,8.04,8.04,8.04,72989
2025-05-09,10:52,1746768120,8.04,8.04,8.04,8.04,72989
2025-05-09,10:53,1746768180,8.04,8.04,8.04,8.04,72989
2025-05-09,10:54,1746768240,8.04,8.04,8.04,8.04,72989
2025-05-09,10:55,1746768300,8.04,8.04,8.04,8.04,72989
2025-05-09,10:56,1746768360,8.04,8.04,8.04,8.04,72989
2025-05-09,10:57,1746768420,8.04,8.04,8.04,8.04,72989
2025-05-09,10:58,1746768480,8.04,8.04,8.04,8.04,72989
2025-05-09,10:59,1746768540,8.04,8.04,8.04,8.04,72989
2025-05-09,11:00,1746768600,8.04,8.04,8.04,8.04,72989
2025-05-09,11:01,1746768660,8.04,8.04,8.04,8.04,72989
2025-05-09,11:02,1746768720,8.04,8.04,8.04,8.04,72989
2025-05-09,11:03,1746768780,8.04,8.04,8.04,8.04,72989
2025-05-09,11:04,1746768840,8.04,8.04,8.04,8.04,72989
2025-05-09,11:05,1746768900,8.04,8.04,8.04,8.04,72989
2025-05-09,11:06,1746768960,8.04,8.04,8.04,8.04,72989
2025-05-09,11:10,1746769200,8.04,8.04,8.04,8.04,72989
2025-05-09,11:11,1746769260,8.04,8.04,8.04,8.04,72989
2025-05-09,11:12,1746769320,8.04,8.04,8.04,8.04,72989
2025-05-09,11:13,1746769380,8.04,8.04,8.04,8.04,72989
2025-05-09,11:14,1746769440,8.04,8.04,8.04,8.04,72989
2025-05-09,11:15,1746769500,8.04,8.04,7.95,7.95,86094
2025-05-09,11:16,1746769560,7.95,7.95,7.95,7.95,86094
2025-05-09,11:30,1746770400,7.95,7.95,7.95,7.95,86094
2025-05-09,11:31,1746770460,7.95,7.95,7.95,7.95,86094
2025-05-09,11:34,1746770640,7.95,7.95,7.95,7.95,86094
2025-05-09,11:35,1746770700,7.95,7.95,7.95,7.95,86094
2025-05-09,11:36,1746770760,7.95,7.95,7.95,7.95,86094
2025-05-09,11:37,1746770820,7.95,7.95,7.95,7.95,86094
2025-05-09,11:38,1746770880,7.95,7.95,7.95,7.95,86094
2025-05-09,11:39,1746770940,7.95,7.95,7.95,7.95,86094
2025-05-09,11:40,1746771000,7.95,7.95,7.95,7.95,86094
2025-05-09,11:41,1746771060,7.95,7.95,7.95,7.95,86094
2025-05-09,11:42,1746771120,7.95,7.95,7.95,7.95,86094
2025-05-09,11:43,1746771180,7.95,7.95,7.95,7.95,86094
2025-05-09,11:44,1746771240,7.95,7.95,7.95,7.95,86094
2025-05-09,11:45,1746771300,7.95,7.95,7.95,7.95,86094
2025-05-09,11:47,1746771420,7.95,7.95,7.95,7.95,86094
2025-05-09,11:48,1746771480,7.95,7.95,7.95,7.95,86094
2025-05-09,11:50,1746771600,7.95,7.95,7.95,7.95,86094
2025-05-09,11:51,1746771660,7.95,7.95,7.95,7.95,86094
2025-05-09,11:52,1746771720,7.95,7.95,7.95,7.95,86094
2025-05-09,11:53,1746771780,7.95,7.95,7.95,7.95,86094
2025-05-09,11:54,1746771840,7.95,7.95,7.95,7.95,86094
2025-05-09,11:55,1746771900,7.95,7.95,7.95,7.95,86094
2025-05-09,11:56,1746771960,7.95,7.95,7.95,7.95,86094
2025-05-09,11:58,1746772080,7.95,7.95,7.95,7.95,86094
2025-05-09,11:59,1746772140,7.95,7.95,7.95,7.95,86094
2025-05-09,12:00,1746772200,7.95,7.95,7.95,7.95,86094
2025-05-09,12:01,1746772260,7.95,7.95,7.95,7.95,86094
2025-05-09,12:02,1746772320,7.95,7.95,7.95,7.95,86094
2025-05-09,12:04,1746772440,7.95,7.95,7.95,7.95,86094
2025-05-09,12:05,1746772500,7.95,7.95,7.95,7.95,86094
2025-05-09,12:06,1746772560,7.95,7.95,7.95,7.95,86094
2025-05-09,12:07,1746772620,7.95,7.95,7.95,7.95,86094
2025-05-09,12:08,1746772680,7.95,7.95,7.95,7.95,86094
2025-05-09,12:09,1746772740,7.95,7.95,7.95,7.95,86094
2025-05-09,12:10,1746772800,7.95,7.95,7.95,7.95,86094
2025-05-09,12:11,1746772860,7.95,7.95,7.95,7.95,86094
2025-05-09,12:12,1746772920,7.95,7.95,7.95,7.95,86094
2025-05-09,12:14,1746773040,7.95,7.95,7.73,7.73,96697
2025-05-09,12:15,1746773100,7.73,7.73,7.73,7.73,96697
2025-05-09,12:30,1746774000,7.73,7.73,7.73,7.73,96697
2025-05-09,12:31,1746774060,7.73,7.73,7.73,7.73,96697
2025-05-09,12:32,1746774120,7.76,7.76,7.73,7.73,96697
2025-05-09,12:33,1746774180,7.73,7.73,7.73,7.73,96697
2025-05-09,12:35,1746774300,7.73,7.73,7.73,7.73,96697
2025-05-09,12:36,1746774360,7.73,7.73,7.73,7.73,96697
2025-05-09,12:37,1746774420,7.73,7.73,7.73,7.73,96697
2025-05-09,12:38,1746774480,7.73,7.73,7.73,7.73,96697
2025-05-09,12:39,1746774540,7.73,7.73,7.73,7.73,96697
2025-05-09,12:40,1746774600,7.73,7.73,7.73,7.73,96697
2025-05-09,12:41,1746774660,7.73,7.73,7.73,7.73,96697
2025-05-09,12:43,1746774780,7.73,7.73,7.73,7.73,96697
2025-05-09,12:44,1746774840,7.73,7.73,7.73,7.73,96697
2025-05-09,12:46,1746774960,7.73,7.73,7.73,7.73,96697
2025-05-09,12:50,1746775200,7.73,7.73,7.73,7.73,96697
2025-05-09,12:51,1746775260,7.73,7.73,7.73,7.73,96697
2025-05-09,12:52,1746775320,7.73,7.73,7.73,7.73,96697
2025-05-09,12:56,1746775560,7.73,7.73,7.73,7.73,96697
2025-05-09,12:57,1746775620,7.73,7.73,7.73,7.73,96697
2025-05-09,12:58,1746775680,7.73,7.73,7.73,7.73,96697
2025-05-09,12:59,1746775740,7.73,7.73,7.73,7.73,96697
2025-05-09,13:02,1746775920,7.73,7.73,7.73,7.73,96697
2025-05-09,13:03,1746775980,7.73,7.73,7.73,7.73,96697
2025-05-09,13:04,1746776040,7.73,7.73,7.73,7.73,96697
2025-05-09,13:05,1746776100,7.73,7.73,7.73,7.73,96697
2025-05-09,13:06,1746776160,7.73,7.73,7.73,7.73,96697
2025-05-09,13:07,1746776220,7.73,7.73,7.73,7.73,96697
2025-05-09,13:08,1746776280,7.73,7.73,7.73,7.73,96697
2025-05-09,13:09,1746776340,7.73,7.73,7.73,7.73,96697
2025-05-09,13:10,1746776400,7.73,7.73,7.73,7.73,96697
2025-05-09,13:11,1746776460,7.73,7.73,7.73,7.73,96697
2025-05-09,13:12,1746776520,7.73,7.73,7.73,7.73,96697
2025-05-09,13:13,1746776580,7.73,7.73,7.73,7.73,96697
2025-05-09,13:14,1746776640,7.73,7.73,7.73,7.73,96697
2025-05-09,13:15,1746776700,7.73,7.73,7.73,7.73,112425
2025-05-09,13:16,1746776760,7.73,7.73,7.73,7.73,112425
2025-05-09,13:30,1746777600,7.73,7.73,7.73,7.73,112425
2025-05-09,13:31,1746777660,7.73,7.73,7.73,7.73,112425
2025-05-09,13:32,1746777720,7.73,7.73,7.73,7.73,
2025-05-09,13:34,1746777840,7.73,7.73,7.73,7.73,112425
2025-05-09,13:37,1746778020,7.73,7.73,7.73,7.73,112425
2025-05-09,13:40,1746778200,7.73,7.73,7.73,7.73,112425
2025-05-09,13:42,1746778320,7.73,7.73,7.73,7.73,112425
2025-05-09,13:43,1746778380,7.73,7.73,7.73,7.73,112425
2025-05-09,13:45,1746778500,7.73,7.73,7.73,7.73,112425
2025-05-09,13:48,1746778680,7.73,7.73,7.73,7.73,112425
2025-05-09,13:49,1746778740,7.73,7.73,7.73,7.73,112425
2025-05-09,13:50,1746778800,7.73,7.73,7.73,7.73,112425
2025-05-09,13:51,1746778860,7.73,7.73,7.73,7.73,112425
2025-05-09,13:52,1746778920,7.73,7.73,7.73,7.73,112425
2025-05-09,13:53,1746778980,7.73,7.73,7.73,7.73,112425
2025-05-09,13:54,1746779040,7.73,7.73,7.73,7.73,112425
2025-05-09,13:55,1746779100,7.73,7.73,7.73,7.73,112425
2025-05-09,13:56,1746779160,7.73,7.73,7.73,7.73,112425
2025-05-09,13:58,1746779280,7.73,7.73,7.73,7.73,112425
2025-05-09,14:01,1746779460,7.73,7.73,7.73,7.73,112425
2025-05-09,14:03,1746779580,7.73,7.73,7.73,7.73,112425
2025-05-09,14:04,1746779640,7.73,7.73,7.73,7.73,112425
2025-05-09,14:07,1746779820,7.73,7.73,7.73,7.73,112425
2025-05-09,14:08,1746779880,7.73,7.73,7.73,7.73,112425
2025-05-09,14:10,1746780000,7.73,7.73,7.73,7.73,112425
2025-05-09,14:11,1746780060,7.73,7.73,7.73,7.73,112425
2025-05-09,14:13,1746780180,7.73,7.73,7.73,7.73,112425
2025-05-09,14:14,1746780240,7.73,7.73,7.73,7.73,117853
2025-05-09,14:15,1746780300,7.73,7.73,7.73,7.73,117853
2025-05-09,14:30,1746781200,7.73,7.73,7.73,7.73,117853
2025-05-09,14:31,1746781260,7.73,7.73,7.73,7.73,117853
2025-05-09,14:32,1746781320,7.73,7.73,7.73,7.73,
2025-05-09,14:33,1746781380,7.73,7.73,7.73,7.73,117853
2025-05-09,14:35,1746781500,7.73,7.73,7.73,7.73,117853
2025-05-09,14:38,1746781680,7.73,7.73,7.73,7.73,117853
2025-05-09,14:41,1746781860,7.73,7.73,7.73,7.73,117853
2025-05-09,14:42,1746781920,7.73,7.73,7.73,7.73,117853
2025-05-09,14:44,1746782040,7.73,7.73,7.73,7.73,117853
2025-05-09,14:45,1746782100,7.73,7.73,7.73,7.73,117853
2025-05-09,14:46,1746782160,7.73,7.73,7.73,7.73,117853
2025-05-09,14:49,1746782340,7.73,7.73,7.73,7.73,117853
2025-05-09,14:50,1746782400,7.73,7.73,7.73,7.73,117853
2025-05-09,14:52,1746782520,7.73,7.73,7.73,7.73,117853
2025-05-09,14:53,1746782580,7.73,7.73,7.73,7.73,117853
2025-05-09,14:55,1746782700,7.73,7.73,7.73,7.73,117853
2025-05-09,14:56,1746782760,7.73,7.73,7.73,7.73,117853
2025-05-09,14:57,1746782820,7.73,7.73,7.73,7.73,117853
2025-05-09,14:58,1746782880,7.73,7.73,7.73,7.73,117853
2025-05-09,15:00,1746783000,7.73,7.73,7.73,7.73,117853
2025-05-09,15:01,1746783060,7.73,7.73,7.73,7.73,117853
2025-05-09,15:02,1746783120,7.73,7.73,7.73,7.73,117853
2025-05-09,15:04,1746783240,7.73,7.73,7.73,7.73,117853
2025-05-09,15:05,1746783300,7.73,7.73,7.73,7.73,117853
2025-05-09,15:06,1746783360,7.73,7.73,7.73,7.73,117853
2025-05-09,15:07,1746783420,7.73,7.73,7.73,7.73,117853
2025-05-09,15:09,1746783540,7.73,7.73,7.73,7.73,117853
2025-05-09,15:10,1746783600,7.73,7.73,7.73,7.73,117853
2025-05-09,15:11,1746783660,7.73,7.73,7.73,7.73,117853
2025-05-09,15:13,1746783780,7.73,7.73,7.73,7.73,117853
2025-05-09,15:14,1746783840,7.73,7.73,7.73,7.73,117853
2025-05-09,15:15,1746783900,7.73,7.73,7.73,7.73,124277
2025-05-09,15:16,1746783960,7.73,7.73,7.73,7.73,124277
2025-05-12,10:14,1747025040,7.57,7.57,7.57,7.57,
2025-05-12,10:15,1747025100,7.57,7.57,7.57,7.57,33333
2025-05-12,11:14,1747028640,7.57,7.57,7.57,7.57,41435
2025-05-12,12:15,1747032300,7.57,7.57,7.57,7.57,45028
2025-05-12,13:14,1747035840,7.57,7.57,7.57,7.57,50128
2025-05-12,14:15,1747039500,7.57,7.57,7.57,7.57,53017
2025-05-12,15:14,1747043040,7.57,7.57,7.57,7.57,54037
2025-05-13,10:14,1747111440,7.41,7.41,7.41,7.41,
2025-05-13,11:14,1747115040,7.41,7.41,7.41,7.41,16897
2025-05-13,12:15,1747118700,7.41,7.41,7.41,7.41,18971
2025-05-13,13:14,1747122240,7.41,7.41,7.41,7.41,19998
2025-05-13,14:14,1747125840,7.41,7.41,7.41,7.41,21281
2025-05-13,15:14,1747129440,7.41,7.41,7.41,7.41,21303
2025-05-14,10:14,1747197840,7.26,7.26,7.26,7.26,
2025-05-14,11:14,1747201440,7.26,7.26,7.26,7.26,3902
2025-05-14,12:14,1747205040,7.26,7.26,7.26,7.26,6112
2025-05-14,13:14,1747208640,7.26,7.26,7.26,7.26,6913
2025-05-14,14:15,1747212300,7.26,7.26,7.26,7.26,7173
2025-05-14,15:14,1747215840,7.26,7.26,7.26,7.26,7485
